日付,時刻,フォロワー数
2026/03/06,19:22:58,920
2026/03/06,19:50:14,921
2026/03/06,20:19:42,921
2026/03/06,22:08:58,922
2026/03/07,01:52:15,923
2026/03/07,05:39:59,923
2026/03/07,11:26:31,924
2026/03/07,14:04:08,926
2026/03/07,17:39:45,927
2026/03/07,22:00:11,924
2026/03/08,01:36:30,926
2026/03/08,05:33:49,926
2026/03/08,11:23:29,926
2026/03/08,11:38:24,926
2026/03/08,12:14:57,926
2026/03/08,14:13:51,926
2026/03/08,17:39:46,926
2026/03/08,22:01:17,927
2026/03/09,01:37:54,930
2026/03/09,05:34:54,931
2026/03/09,11:39:27,934
2026/03/09,14:23:16,934
2026/03/09,17:54:39,936
2026/03/09,22:17:03,944
2026/03/10,02:02:19,953
2026/03/10,05:42:06,953
2026/03/10,11:31:13,959
2026/03/10,14:14:40,963
2026/03/10,17:54:03,980
2026/03/10,22:14:57,989
2026/03/11,02:01:36,1000
2026/03/11,05:41:57,1003
2026/03/11,11:30:35,1023
2026/03/11,14:16:14,1027
2026/03/11,17:53:17,1029
2026/03/11,22:14:43,1033
2026/03/12,02:01:06,1034
2026/03/12,05:41:26,1036
2026/03/12,11:36:47,1041
2026/03/12,14:19:35,1043
2026/03/12,17:53:59,1043
2026/03/12,22:14:45,1047
2026/03/13,02:04:15,1048
2026/03/13,05:43:17,1049
2026/03/13,11:34:39,1049
2026/03/13,14:17:10,1049
2026/03/13,17:52:14,1049
2026/03/13,22:12:36,1052
2026/03/14,01:50:39,1052
2026/03/14,05:43:13,1052
2026/03/14,11:32:21,1053
2026/03/14,14:15:25,1056
2026/03/14,17:44:06,1060
2026/03/14,22:05:13,1064
2026/03/15,01:40:11,1063
2026/03/15,05:36:55,1062
2026/03/15,11:53:07,1064
2026/03/15,14:40:43,1064
2026/03/15,17:45:29,1066
2026/03/15,22:06:00,1068
2026/03/16,01:40:45,1070
2026/03/16,05:38:02,1070
2026/03/16,11:53:18,1069
2026/03/16,14:53:06,1072
2026/03/16,18:05:15,1073
2026/03/16,22:26:19,1076
2026/03/17,02:09:27,1077
2026/03/17,05:46:13,1079
2026/03/17,11:36:09,1087
2026/03/17,14:25:45,1088
2026/03/17,18:01:01,1089
2026/03/17,22:25:07,1090
2026/03/18,02:10:37,1094
2026/03/18,05:48:08,1094
2026/03/18,11:42:44,1097
2026/03/18,14:30:12,1097
2026/03/18,17:59:56,1102
2026/03/18,22:26:30,1105
2026/03/19,02:10:07,1105
2026/03/19,05:44:50,1105
2026/03/19,11:43:56,1108
2026/03/19,14:26:55,1108
2026/03/19,17:53:46,1108
2026/03/19,22:19:07,1110
2026/03/20,02:04:36,1112
2026/03/20,05:47:02,1112
2026/03/20,11:34:53,1115
2026/03/20,14:19:29,1116
2026/03/20,17:52:31,1118
2026/03/20,22:12:38,1118
2026/03/21,01:54:16,1118
2026/03/21,05:41:16,1120
2026/03/21,11:29:27,1121
2026/03/21,14:10:38,1122
2026/03/21,17:41:52,1122
2026/03/21,22:02:15,1126
2026/03/22,01:38:25,1128
2026/03/22,05:35:34,1128
2026/03/22,11:45:13,1125
2026/03/22,12:54:01,1126
2026/03/22,14:18:51,1126
2026/03/22,14:22:35,1126
2026/03/22,16:52:20,1125
2026/03/22,17:42:58,1125
2026/03/22,22:04:45,1126
2026/03/23,01:39:39,1126
2026/03/23,05:36:36,1126
2026/03/23,11:44:58,1126
2026/03/23,14:44:05,1126
2026/03/23,18:06:18,1128
2026/03/23,22:21:32,1127
2026/03/24,02:01:12,1129
2026/03/24,05:43:26,1128
2026/03/24,11:36:27,1128
2026/03/24,14:26:59,1128
2026/03/24,18:00:51,1129
2026/03/24,22:25:26,1133
2026/03/25,02:07:08,1133
2026/03/25,05:51:32,1134
2026/03/25,11:41:45,1135
2026/03/25,14:27:02,1134
2026/03/25,18:00:15,1136
2026/03/25,22:24:24,1139
2026/03/26,02:11:08,1140
2026/03/26,05:48:02,1140
2026/03/26,11:49:38,1140
2026/03/26,14:44:59,1140
2026/03/26,18:05:41,1142
2026/03/26,22:42:02,1142
2026/03/27,02:10:56,1142
2026/03/27,05:42:50,1142
2026/03/27,11:51:18,1145
2026/03/27,14:46:31,1146
2026/03/27,18:01:54,1146
2026/03/27,22:19:34,1145
2026/03/28,02:02:20,1147
2026/03/28,05:47:12,1146
2026/03/28,11:40:43,1152
2026/03/28,14:25:08,1151
2026/03/28,17:50:23,1151
2026/03/28,22:07:59,1153
2026/03/29,01:42:29,1153
2026/03/29,05:39:26,1154
2026/03/29,11:54:59,1158
2026/03/29,14:47:12,1161
2026/03/29,17:51:35,1162
2026/03/29,22:08:43,1164
2026/03/30,01:43:21,1166
2026/03/30,05:41:06,1167
2026/03/30,11:57:45,1167
2026/03/30,15:03:15,1168
2026/03/30,18:21:19,1166
2026/03/30,22:47:23,1166
2026/03/31,02:04:14,1166
2026/03/31,05:54:47,1166
2026/03/31,11:50:39,1166
2026/03/31,14:48:45,1170
2026/03/31,18:09:27,1170
2026/03/31,22:46:59,1170
2026/04/01,02:06:48,1174
2026/04/01,05:52:14,1174
2026/04/01,12:20:35,1172
2026/04/01,15:00:04,1173
2026/04/01,18:15:14,1175
2026/04/01,22:48:29,1176
2026/04/02,02:04:05,1177
2026/04/02,05:54:11,1177
2026/04/02,11:46:40,1176
2026/04/02,14:45:34,1175
2026/04/02,18:06:40,1178
2026/04/02,22:27:26,1177
2026/04/03,02:02:56,1180
2026/04/03,05:42:48,1181
2026/04/03,11:49:21,1189
2026/04/03,14:45:59,1190
2026/04/03,18:03:51,1191
2026/04/03,22:16:22,1195
2026/04/04,01:51:37,1198
2026/04/04,05:44:43,1198
2026/04/04,11:39:32,1199
2026/04/04,14:25:04,1199
2026/04/04,17:51:18,1200
2026/04/04,22:08:30,1201
2026/04/05,01:44:12,1200
2026/04/05,05:40:28,1200
2026/04/05,11:00:42,1198
2026/04/05,11:57:39,1198
2026/04/05,14:48:41,1198
2026/04/05,17:53:45,1198
2026/04/05,22:10:34,1198
2026/04/06,01:44:37,1198
2026/04/06,05:41:44,1198
2026/04/06,11:58:17,1197
2026/04/06,15:03:25,1196
2026/04/06,18:16:47,1197
2026/04/06,22:23:30,1197
2026/04/07,01:57:56,1200
2026/04/07,05:43:58,1200
2026/04/07,11:52:17,1199
2026/04/07,14:50:46,1199
2026/04/07,18:12:06,1200
2026/04/07,22:30:01,1199
2026/04/08,02:08:41,1200
2026/04/08,05:56:34,1200
2026/04/08,14:51:39,1200
2026/04/08,18:11:06,1200
2026/04/08,22:45:38,1202
2026/04/09,02:12:15,1201
2026/04/09,05:54:02,1201
2026/04/09,11:47:42,1202
2026/04/09,14:53:14,1206
2026/04/09,18:16:42,1206
2026/04/09,22:56:07,1204
2026/04/10,02:15:22,1205
2026/04/10,05:59:16,1205
2026/04/10,11:59:45,1206
2026/04/10,15:03:10,1208
2026/04/10,18:18:28,1208
2026/04/10,22:24:00,1208
2026/04/11,01:57:54,1211
2026/04/11,05:47:03,1212
2026/04/11,11:44:24,1212
2026/04/11,14:29:11,1213
2026/04/11,17:54:40,1215
2026/04/11,22:11:36,1218
2026/04/12,01:45:11,1221
2026/04/12,05:42:02,1221
2026/04/12,12:22:38,1223
2026/04/12,14:58:47,1223
2026/04/12,17:58:16,1224
2026/04/12,22:13:33,1223
2026/04/13,01:49:10,1223
2026/04/13,05:44:38,1223
2026/04/13,12:29:13,1226
2026/04/13,15:21:46,1227
2026/04/13,19:02:29,1229
2026/04/13,22:52:48,1228
2026/04/14,02:11:34,1228
2026/04/14,06:02:54,1228
2026/04/14,12:20:17,1232
2026/04/14,15:05:26,1232
2026/04/14,18:26:58,1231
2026/04/14,23:05:04,1231
2026/04/15,02:18:23,1232
2026/04/15,06:03:08,1233
2026/04/15,11:58:39,1233
2026/04/15,15:05:17,1235
2026/04/15,18:28:00,1234
2026/04/15,22:52:12,1232
2026/04/16,02:14:00,1232
2026/04/16,05:59:21,1231
2026/04/16,12:25:10,1231
2026/04/16,15:07:34,1232
2026/04/16,18:27:07,1233
2026/04/16,23:01:11,1232
2026/04/17,02:22:43,1232
2026/04/17,05:57:04,1232
2026/04/17,12:20:00,1233
2026/04/17,15:08:44,1233
2026/04/17,18:26:14,1233
2026/04/17,22:43:33,1232
2026/04/18,02:00:04,1232
2026/04/18,05:55:15,1232
2026/04/18,11:52:12,1231
2026/04/18,14:45:21,1230
2026/04/18,17:59:20,1231
2026/04/18,22:14:31,1233
2026/04/19,01:51:55,1233
2026/04/19,05:44:22,1233
2026/04/19,12:27:11,1232
2026/04/19,15:03:30,1232
2026/04/19,18:02:10,1232
2026/04/19,22:14:33,1232
2026/04/20,01:51:57,1231
2026/04/20,05:45:48,1230
2026/04/20,12:29:46,1233
2026/04/20,15:22:15,1233
2026/04/20,19:05:22,1234
2026/04/20,22:55:45,1239
2026/04/21,02:12:33,1240
2026/04/21,05:56:44,1241
2026/04/21,12:21:07,1250
2026/04/21,15:07:28,1255
2026/04/21,18:46:52,1255
2026/04/21,22:56:49,1258
2026/04/22,02:12:04,1260
2026/04/22,06:00:46,1259
2026/04/22,12:19:51,1266
2026/04/22,15:05:26,1268
2026/04/22,18:28:10,1270
2026/04/22,22:57:21,1273
2026/04/23,02:10:37,1273
2026/04/23,06:04:01,1272
2026/04/23,12:23:07,1272
2026/04/23,15:11:13,1275
2026/04/23,18:50:53,1276
2026/04/23,22:58:53,1281
2026/04/24,02:27:04,1282
2026/04/24,05:59:31,1282
2026/04/24,12:25:06,1282
2026/04/24,15:13:35,1282
2026/04/24,18:51:21,1282
2026/04/24,22:49:52,1282
2026/04/25,02:05:52,1284
2026/04/25,05:57:15,1284
2026/04/25,11:54:00,1286
2026/04/25,14:53:00,1286
2026/04/25,18:01:53,1286
2026/04/25,22:18:03,1286
2026/04/26,01:53:19,1287
2026/04/26,05:48:51,1286
2026/04/26,12:32:25,1285
2026/04/26,15:12:46,1284
2026/04/26,18:09:37,1283
2026/04/26,22:20:12,1284
2026/04/27,01:54:20,1284
2026/04/27,05:48:38,1284
2026/04/27,12:36:37,1285
2026/04/27,15:34:39,1285
2026/04/27,19:24:19,1287
2026/04/27,23:07:59,1289
2026/04/28,02:28:37,1290
2026/04/28,06:10:04,1290
2026/04/28,12:41:03,1290
2026/04/28,15:35:12,1290
2026/04/28,19:23:05,1289
2026/04/28,23:26:43,1290
2026/04/29,02:52:29,1291
2026/04/29,06:13:36,1292
2026/04/29,12:39:20,1294
2026/04/29,15:30:16,1296
2026/04/29,19:12:54,1296
2026/04/29,23:12:02,1297
2026/04/30,02:45:02,1297
2026/04/30,06:13:46,1296
2026/04/30,12:40:08,1298
2026/04/30,15:34:00,1299
2026/04/30,19:12:38,1299
2026/04/30,23:10:39,1299
2026/05/01,02:28:05,1299
2026/05/01,06:07:58,1299
2026/05/01,12:52:51,1301
2026/05/01,15:42:32,1301
2026/05/01,18:52:43,1301
2026/05/01,22:39:49,1301
2026/05/02,02:04:11,1301
2026/05/02,06:00:12,1301
2026/05/02,12:26:20,1306
2026/05/02,15:13:15,1306
2026/05/02,18:14:42,1308
2026/05/02,22:24:30,1309
2026/05/03,01:58:05,1310
2026/05/03,05:52:27,1310
2026/05/03,12:44:26,1312
2026/05/03,15:32:30,1312
2026/05/03,18:26:57,1311
2026/05/03,22:23:52,1311
2026/05/04,01:59:23,1312
2026/05/04,05:54:21,1314
2026/05/04,12:42:19,1315
2026/05/04,15:45:56,1317
2026/05/04,19:20:14,1317
2026/05/04,23:16:59,1318
2026/05/05,02:47:32,1317
2026/05/05,06:14:30,1317
2026/05/05,12:29:16,1319
2026/05/05,15:23:17,1321
2026/05/05,19:09:24,1321
2026/05/06,02:44:35,1323
2026/05/06,06:09:12,1323
2026/05/06,12:39:33,1325
2026/05/06,15:36:20,1325
2026/05/06,19:25:18,1330
2026/05/06,23:28:33,1331
2026/05/07,02:47:42,1331
2026/05/07,06:17:02,1332
2026/05/07,12:39:37,1331
2026/05/07,15:43:11,1332
2026/05/07,19:30:54,1330
2026/05/07,23:28:32,1332
2026/05/08,02:54:27,1332
2026/05/08,06:10:09,1332
2026/05/08,12:34:21,1334
2026/05/08,15:03:41,1335
2026/05/08,18:46:28,1336
2026/05/08,23:03:58,1336
2026/05/09,02:26:21,1336
2026/05/09,06:08:56,1336
2026/05/09,12:34:09,1335
2026/05/09,15:22:31,1337
2026/05/09,18:26:20,1337
2026/05/09,22:29:10,1337
2026/05/10,02:02:46,1338
2026/05/10,05:53:50,1337
2026/05/10,12:48:14,1336
2026/05/10,15:38:48,1336
2026/05/10,18:43:49,1337
2026/05/10,22:41:32,1339
2026/05/11,02:03:04,1339
2026/05/11,05:56:35,1339
2026/05/11,12:59:55,1340
2026/05/11,16:53:29,1339
2026/05/11,20:31:46,1340
2026/05/12,00:24:06,1340
2026/05/12,03:00:43,1341
2026/05/12,06:23:38,1341
2026/05/12,12:43:05,1342
2026/05/12,15:42:24,1341
2026/05/12,19:38:51,1341
2026/05/12,23:37:12,1341
2026/05/13,03:05:43,1341
2026/05/13,06:25:21,1341
2026/05/13,12:52:51,1341
2026/05/13,15:53:23,1340
2026/05/13,19:36:34,1340
2026/05/13,23:47:39,1340
2026/05/14,03:07:28,1340
2026/05/14,06:41:30,1340
